{
  "name": "hot-crypto-contracts",
  "version": "1.0.0",
  "description": "分析热门虚拟币合约，提供技术指标和交易信号",
  "author": "OpenClaw Assistant",
  "tags": ["crypto", "trading", "technical-analysis", "binance", "contracts"],
  "requirements": [
    "pandas",
    "requests",
    "numpy"
  ],
  "entry_point": "crypto_contract_analyzer.CryptoContractAnalyzer",
  "functions": [
    {
      "name": "analyze_hot_contracts",
      "description": "分析所有合约并返回强势币种清单"
    },
    {
      "name": "get_strong_coins",
      "description": "获取强势虚拟币合约列表"
    },
    {
      "name": "analyze_technical_indicators",
      "description": "分析单个合约的技术指标"
    }
  ],
  "api_endpoints": [
    "https://fapi.binance.com/fapi/v1/exchangeInfo",
    "https://fapi.binance.com/fapi/v1/klines",
    "https://fapi.binance.com/fapi/v1/ticker/24hr"
  ]
}