{
  "name": "demo-xueqiu",
  "version": "1.0.0",
  "description": "雪球投资组合查询和分析技能",
  "author": "OpenClaw Assistant",
  "tags": ["investment", "stocks", "portfolio", "xueqiu", "finance"],
  "requirements": [
    "requests"
  ],
  "entry_point": "xueqiu_portfolio_analyzer.XueqiuPortfolioAnalyzer",
  "functions": [
    {
      "name": "get_portfolio_quotes",
      "description": "获取投资组合持仓的实时行情"
    },
    {
      "name": "get_portfolio_stocks",
      "description": "获取投资组合的持仓股票列表"
    },
    {
      "name": "get_stock_quotes",
      "description": "获取指定股票的实时行情"
    },
    {
      "name": "format_portfolio_table",
      "description": "格式化投资组合数据为表格形式"
    },
    {
      "name": "analyze_portfolio_performance",
      "description": "分析投资组合表现"
    }
  ],
  "api_endpoints": [
    "https://stock.xueqiu.com/v5/stock/portfolio/stock/list.json",
    "https://stock.xueqiu.com/v5/stock/batch/quote.json"
  ]
}